8,121,6100,4,-4.7,1022.1,-6.1,0,485
7,113,6300,4,-5.2,1022.3,-6.4,0,477
7,111,6200,4,-5.4,1022.5,-6.5,0,454
6,109,5900,3,-5.2,1022.5,-6.2,0,418
10,123,7700,16,-5,1021.9,-5.8,0,438
10,107,7600,4,-4.6,1021.3,-5.4,0,453
9,104,7200,3,-4.5,1021.5,-5.5,0,433
7,108,6700,3,-4.7,1021.9,-5.7,0,416
7,118,6800,3,-4.8,1022.3,-5.6,0,421
7,125,6400,3,-4.8,1022.6,-5.6,0,424
7,135,6100,16,-4.1,1022.8,-5.1,0,413
8,141,5500,5,-1.9,1022,-4.4,0,425
11,151,5100,7,0.7,1020.9,-4,0,381
14,188,6400,7,1.1,1020.1,-3.4,0,466
14,217,7600,7,1.3,1019.3,-3.6,0,542
12,215,7400,5,0.7,1019.1,-3.8,0,568
10,212,7400,7,-0.2,1019.2,-3.9,0,568
9,197,7300,2,-1,1018.8,-4.4,0,543
8,193,7400,2,-1.3,1019.1,-4.1,0,522
8,182,7200,2,-1.3,1019.6,-4.1,0,487
8,177,7300,3,-2.6,1020.2,-4.6,0,475
8,168,7400,3,-3.4,1020.5,-5.1,0,459
9,156,7200,3,-3.8,1021,-5.2,0,453
8,143,6800,2,-4.8,1021.2,-6.2,0,417
8,141,6900,3,-4.8,1020.9,-5.9,0,395
9,139,7400,3,-5.8,1020.7,-7,0,420
9,157,7600,4,-6.1,1021.3,-7.3,0,453
9,141,6500,3,-5,1021.5,-6.4,0,429
11,110,3300,7,-6.1,1021.3,-7.8,0,211
13,87,2200,4,-3.8,1021,-7.2,0,116
14,58,1300,26,-3.1,1021.4,-8.4,0,51
14,55,1100,28,-3.5,1021.9,-8.6,0,38
16,40,700,42,-3.4,1022.4,-9,0,21
18,40,800,44,3.2,1023,-10.8,0,16
17,42,700,45,5.6,1023.5,-9.4,0,23
14,30,600,59,6.9,1023.1,-12.3,0,18
12,76,2400,46,4.9,1022.8,-7.3,0,58
17,99,3000,42,6.7,1021.8,-8.5,0,176
14,86,2600,58,8.2,1021,-7.5,0,109
19,125,4200,53,6.3,1020.6,-4.8,0,267
18,115,3900,56,5.3,1020.8,-6.9,0,260
14,112,3600,50,3.6,1020.8,-7.5,0,212
14,111,3000,33,3.5,1021.1,-9.5,0,183
14,89,2300,41,2.9,1021.2,-9.1,0,136
13,89,2200,35,2.9,1021.1,-9.4,0,137
13,90,2100,28,-0.6,1020.8,-9.3,0,125
14,108,2500,13,-1.6,1020.7,-7.9,0,153
14,126,3100,2,-2.3,1020.5,-7.2,0,165
23,148,4900,4,-3.4,1020.2,-7,0,225
28,158,6400,7,-3.6,1019.8,-6.6,0,275
17,155,6400,5,-4.5,1019.7,-7.1,0,293
16,153,6200,5,-4.8,1019.7,-7.1,0,293
15,149,6300,59,-5.3,1019.3,-7.4,0,287
13,149,6000,4,-4.9,1018.5,-6.9,0,305
12,148,5800,3,-4.7,1018.3,-6.7,0,304
12,139,5700,3,-4.5,1018.7,-6.5,0,266
17,132,5700,3,-5.4,1019,-7.1,0,240
29,131,6500,4,-2.5,1019.5,-6,0,237
32,117,5400,7,1,1019.6,-5.5,0,232
27,88,3100,19,3,1019.2,-8.4,0,155
31,98,3200,25,5.3,1018,-7.9,0,167
28,100,3000,35,6.9,1016.9,-7.5,0,170
27,127,3400,26,8.7,1016.1,-5.9,0,179
28,183,4700,15,7.2,1016.2,-3.4,0,244
26,190,5100,16,6.1,1016.4,-3.8,0,296
27,2,4600,41,2.8,1017,-4.2,0,295
20,199,7000,3,0.5,1018.8,-4.2,0,397
16,199,7500,2,-0.8,1019.4,-4.2,0,437
13,195,7700,2,-1.6,1019.5,-4.1,0,464
12,200,8200,3,-2.1,1020.1,-4,0,483
11,196,8700,3,-2.4,1020.4,-3.8,0,447
10,188,8900,2,-2.9,1020.7,-4.2,0,440
9,190,8600,2,-3.5,1020.8,-4.6,0,463
9,179,8600,35,-3.2,1020.9,-4.2,0,467
11,193,9600,2,-4.2,1021.1,-5.3,0,463
11,195,9700,35,-4.3,1021.2,-5.3,0,473
10,180,9900,3,-4.5,1021,-5.5,0,488
12,158,7500,2,-4.8,1021.4,-5.8,0,392
15,149,7200,2,-4.5,1022,-5.5,0,338
14,156,7300,3,-2.9,1022.5,-4.2,0,338
18,208,9200,4,0,1022.8,-3,0,441
27,154,5600,9,1.8,1022.9,-6.1,0,333
30,107,3400,17,3.6,1021.9,-5.4,0,167
31,131,4000,27,4.9,1021.6,-5.2,0,216
31,167,4900,23,5.4,1020.9,-5.3,0,291
37,179,6100,20,5.8,1020.7,-4.7,0,325
43,179,7100,16,5.2,1020.8,-4.7,0,367
40,179,6800,7,1.9,1021.5,-4.6,0,322
29,175,6600,2,2,1022,-3.1,0,298
26,176,6800,2,0.8,1022.6,-3.1,0,304
18,186,8000,2,-0.6,1023.2,-3.5,0,346
14,180,8300,2,-1,1023.8,-3.2,0,356
10,164,9100,2,-1.5,1024.1,-2.5,0,380
8,134,8400,2,-1.4,1024.7,-2.2,0,328
7,114,7200,2,-1,1025,-1.7,0,203
9,112,7100,2,-1,1025.2,-1.8,0,168
5,114,5700,2,-0.6,1025.4,-1.7,0,159
5,114,4800,2,0.1,1025.8,-1.3,0,168
6,114,4800,27,0.3,1025.7,-1.3,0,175
6,126,7400,2,0.5,1025.9,-1.1,0,256
6,133,8700,2,0.1,1026.4,-1.5,0,336
7,132,8200,2,0.4,1026.7,-1.4,0,284
9,133,7900,2,0.4,1027.6,-1.5,0,275
11,135,7700,2,0.5,1028.2,-1.6,0,271
12,134,7600,2,1,1028.7,-1.6,0,276
11,132,7400,2,1.8,1028.5,-1.1,0,267
11,129,7000,2,2.8,1027.6,-1.6,0,249
12,121,6000,3,3.3,1026.7,-2.2,0,239
13,112,5300,20,3.8,1026,-3.7,0,223
15,105,4500,16,3.5,1026.1,-4,0,206
20,96,3800,13,3.4,1026.3,-4.1,0,162
21,110,4100,3,3.1,1026.1,-3.7,0,184
21,119,4100,2,1.9,1026.6,-3.6,0,183
20,122,4500,2,2.2,1026.6,-3.7,0,191
17,126,5200,2,0.7,1026.4,-3.8,0,219
16,122,4700,2,-0.4,1026.3,-4.3,0,199
15,116,4400,2,-1.5,1026.4,-4.7,0,180
12,116,4900,2,-2.1,1026.2,-4.9,0,184
10,111,5300,2,-2.3,1025.9,-4.5,0,184
10,111,500,2,-2.9,1025.3,-4.9,0,184
12,103,4600,2,-2.1,1025.2,-3.8,0,176
14,98,3800,2,-1.3,1025.1,-3.8,0,159
18,100,3900,13,-2.7,1024.6,-4.6,0,158
20,101,4300,2,-2.8,1024.4,-4.2,0,171
20,100,4500,2,-2.8,1024.3,-3.9,0,169
24,94,4500,2,-2.1,1024.5,-3.2,0,177
26,94,4200,2,-2,1024.6,-3.3,0,170
30,97,4900,2,-0.2,1024.9,-2.4,0,175
31,105,5700,2,1.1,1024.9,-2.8,0,211
29,101,4900,6,2.6,1024.6,-3.3,0,216
29,92,400,16,3.5,1023.4,-3.3,0,193
31,88,3800,25,4,1022.1,-3.3,0,188
33,113,4100,16,4.5,1021.3,-3.3,0,200
31,130,4300,10,4.9,1020.8,-3.2,0,214
27,131,2700,5,4.2,1020.6,-3.3,0,215
21,139,4200,2,3,1020.7,-3.4,0,221
17,140,4300,2,0.7,1021.1,-3.4,0,211
17,146,4400,2,1,1021.3,-2.9,0,217
22,152,4200,2,1.5,1021.3,-2.8,0,220
24,157,500,2,2.6,1021.2,-2.7,0,235
25,153,4800,2,2,1021,-2.9,0,239
31,126,4900,2,2.4,1020.9,-2.9,0,235
38,123,5300,2,2,1020.5,-2.9,0,241
45,120,5100,2,1.4,1020.2,-3.9,0,239
39,116,500,2,1.2,1020.4,-3.7,0,224
31,105,4400,2,0.8,1020.2,-3.3,0,208
26,91,3800,25,0.7,1020,-3.4,0,206
25,96,3900,2,1,1019.7,-3.5,0,200
24,87,3300,2,0.8,1019.8,-3,0,181
21,86,3500,2,0.9,1020.1,-3.4,0,173
17,82,3400,2,1.5,1020.1,-3.2,0,166
20,82,3100,2,2,1020.9,-3.5,0,154
21,73,300,4,2.1,1021.2,-3.6,0,142
24,77,3200,9,2.6,1021.1,-3.3,0,167
24,83,3400,12,2.1,1020.2,-1.3,0,196
17,75,300,15,1.7,1019.4,-0.2,0,184
10,68,2600,11,1.7,1019.1,0.2,0.1,156
8,65,2200,7,1.9,1019.2,0.4,0,115
9,73,2100,2,2.2,1019.3,0.9,0.1,99
8,67,1900,13,2.1,1019.6,0.8,0,95
7,83,2100,3,1.9,1019.8,0.6,0.1,102
6,71,1900,7,1.8,1020.4,0.3,0,96
7,82,2200,2,1.8,1020.3,0.5,0,100
7,83,2500,2,1.6,1020.3,0.1,0,111
12,80,200,2,1.4,1020.4,-0.1,0,93
18,77,1900,2,1,1020.1,-0.5,0,78
18,79,200,2,2.6,1020.1,-4.6,0,66
19,66,1300,6,2.8,1019.6,-8,0,66
15,38,500,29,2.6,1019.5,-9,0,22
12,41,400,25,2.1,1019.6,-9.5,0,23
11,33,400,29,1.6,1019.2,-10.6,0,19
10,34,400,33,1.7,1018.9,-10.2,0,24
9,25,400,45,1.5,1018.8,-10.4,0,16
9,25,400,46,1.6,1019.2,-10.3,0,15
10,28,500,45,1.5,1019.5,-10.4,0,18
12,29,500,45,1.9,1019.7,-10.6,0,20
13,27,500,52,2.8,1019.6,-10.1,0,15
15,25,500,57,3.8,1019.1,-10.3,0,22
15,22,500,63,5,1017.9,-10,0,18
12,20,500,68,6.1,1016.6,-9.8,0,28
10,19,500,73,7.2,1015.6,-10.1,0,22
9,19,400,75,7.4,1015.6,-10.4,0,17
8,18,300,79,6.9,1015.9,-10.4,0,14
8,23,300,75,5.9,1016.5,-10.4,0,13
8,28,400,69,5.7,1016.8,-10.6,0,14
10,41,500,53,5.4,1017.3,-11.3,0,15
12,46,600,48,4.9,1018.2,-10.8,0,21
11,39,500,50,3.8,1018.7,-11,0,15
7,25,300,65,3.5,1019.6,-11.7,0,13
7,27,300,59,2.7,1020.7,-11.6,0,10
6,33,300,50,2.4,1021.4,-12.7,0,10
5,33,200,45,1.6,1021.7,-13.4,0,8
4,36,300,39,1.2,1022.7,-13,0,9
5,32,300,42,0.6,1023.4,-13.1,0,11
4,20,300,79,0,1023.8,-13.3,0,6
4,28,200,49,-0.2,1024.1,-13.5,0,6
3,27,300,50,-0.5,1024.1,-13.8,0,10
3,30,300,45,-1,1024.7,-14.2,0,11
6,35,400,39,-1.175,1024.75,-14.4,0,9
6,28,400,47,-1.1,1025,-14.2,0,16
7,23,500,54,-0.225,1025,-14.4,0,13
6,20,400,60,0.575,1025,-14.4,0,12
4,14,400,79,1.575,1024.25,-14.2,0,17
4,20,400,65,2.85,1022.75,-14.3,0,7
4,34,500,56,3.7,1021.6,-14,0,15
6,34,500,58,3.9,1020.666667,-14.1,0,17
9,38,700,60,3.825,1020,-13.3,0,34
7,55,900,38,2.7,1020,-12.2,0,37
7,59,800,31,1.275,1020,-10.3,0,50
5,63,1100,30,0.275,1020,-9.7,0,62
5,78,1300,17,-0.375,1020,-9.5,0,87
5,86,1600,10,-0.35,1020,-7.9,0,114
5,91,1700,4,-0.425,1020,-7.3,0,127
5,95,1800,2,-0.525,1020.25,-7.1,0,120
13,89,1300,2,-0.55,1021,-7.8,0,51
16,96,1800,2,0.575,1021.75,-11.1,0,70
4,44,600,34,1.525,1022.75,-17.2,0,19
2,17,200,61,0.4,1023.75,-15.7,0,7
5,43,300,35,-1.45,1025,-17,0,10
3,33,300,44,-1.475,1025,-17.5,0,10
5,27,300,52,-1.4125,1026,-17.3,0,11
5,35,400,46,-1.075,1027.5,-17.2,0,3
3,24,300,60,0.066666667,1028,-17.8,0,6
2,12,300,73,0.95,1028,-19,0,3
2,9,200,78,2.2,1026.75,-19.4,0,3
7,59,700,27,0.5,1026,-13.4,0,13
15,88,1300,15,-0.075,1026,-12.6,0,81
13,96,1400,13,-0.525,1026,-12,0,91
13,94,1500,11,-1.425,1026,-11.8,0,84
19,95,1500,10,-1.5,1026,-11.8,0,87
34,95,1600,11,-2.333333333,1026,-11.7,0,91
42,93,1800,12,-3.625,1025,-11.8,0,94
42,89,1600,13,-4.4,1025,-11.8,0,97
29,104,3100,14,-4.95,1025,-12.1,0,112
32,97,2800,11,-5.15,1023.25,-11.5,0,68
30,95,2500,9,-5.225,1023,-11.6,0,60
18,78,1500,4,-5.625,1023,-11.4,0,33
12,73,1100,4,-5.975,1023,-11,0,28
15,68,1100,9,-5.1,1023,-10.6,0,20
17,78,1800,9,-1.85,1023,-9.7,0,32
20,81,1800,22,2.575,1021.75,-10.8,0,3
29,86,1800,25,4.4,1020.5,-10.8,0,39
29,68,1300,35,6.04,1019.2,-11.4,0,37
16,84,1200,41,6.4,1019,-11.8,0,46
26,89,1300,21,6.525,1018,-12.4,0,50
30,111,1500,22,5.625,1018.5,-12.5,0,66
27,94,1300,21,3.6,1019,-12.2,0,58
29,78,900,35,1.475,1019,-11.3,0,38
22,74,800,28,0.05,1019,-11.1,0,36
20,73,800,30,0.4,1020,-10.4,0,31
12,88,1000,16,-0.175,1020,-10.7,0,22
25,104,1000,8,-0.175,1020,-11.3,0,22
24,88,800,13,1.25,1020,-12.8,0,31
19,96,700,14,-0.475,1020,-12.4,0,26
17,85,600,10,-1,1019,-12.5,0,23
15,83,900,13,-1.95,1019.5,-12.5,0,26
21,99,800,36,-2.1,1019.25,-12.1,0,31
17,91,800,3,-1.675,1019,-12.1,0,32
16,79,700,12,0.975,1018.25,-12.7,0,22
18,44,500,45,0.275,1018.75,-12.8,0,19
16,63,600,35,-1.1,1019,-12.7,0,16
17,61,600,37,-1.05,1019,-11.7,0,26
10,32,500,60,1.15,1019,-11.1,0,27
16,23,400,78,2.48,1019,-11.3,0,20
14,26,500,83,3.666666667,1018,-11.4,0,25
24,45,700,66,4.1,1017.25,-12,0,45
30,73,1200,62,5.04,1015.6,-12.6,0,84
28,75,1400,66,5.3,1015,-12.1,0,80
35,87,1500,48,5.15,1014,-12,0,94
34,101,1600,34,4.325,1014,-11.7,0,97
31,106,1800,30,2.9,1014,-11.5,0,93
27,108,2000,33,1.775,1014.25,-10.9,0,121
29,115,1900,17,0.975,1015,-10.7,0,108
5,32,400,80,-0.25,1015,-10.5,0,33
2,25,300,84,2.025,1016,-11.7,0,19
10,26,300,88,3.675,1016.5,-14.5,0,15
12,17,300,76,3.05,1017,-15.6,0,5
10,40,400,67,2.425,1017,-16.9,0,20
9,36,400,66,1.125,1018,-16.6,0,9
14,20,200,75,0.05,1018.5,-16.9,0,14
17,13,200,80,-0.875,1019,-18.4,0,8
17,19,200,83,-2.15,1019,-18.3,0,10
15,27,300,72,-3.175,1019.5,-18,0,13
21,36,400,60,-3,1020,-18.3,0,17
14,50,500,54,-2.175,1021,-18,0,22
10,31,400,68,-1.65,1021.75,-18.1,0,8
15,28,400,66,-0.9,1022.75,-18.5,0,8
19,19,400,79,0.15,1023,-18.6,0,20
19,10,300,89,1.025,1023,-19.6,0,13
6,16,300,88,1.95,1022,-20.4,0,7
6,15,300,90,2.8,1021.8,-21.5,0,15
7,9,200,89,3.2,1022,-22.1,0,9
12,9,200,85,3.25,1022,-22.8,0,15
12,24,300,87,2.9,1022,-22.9,0,17
14,37,300,73,2.175,1022,-22.9,0,18
17,35,400,61,1.525,1023,-23.4,0,16
16,42,600,62,0.825,1023,-23.9,0,21
25,42,500,55,0.075,1024,-23.6,0,18
26,44,400,57,-0.5,1024.75,-23,0,15
17,42,500,59,-0.8,1025,-23,0,22
20,48,100,45,-1.55,1026,-22.7,0,17
21,44,600,38,-2.425,1026,-22.1,0,18
16,49,700,38,-2.45,1026.5,-22.6,0,17
15,51,500,37,-4.125,1027,-21.6,0,13
14,50,600,84,-4.15,1027.25,-22.6,0,21
8,49,500,40,-4.875,1027.5,-21.7,0,18
14,50,500,35,-5.025,1027.25,-21.7,0,11
12,53,600,30,-4.95,1027.75,-21.9,0,9
14,68,700,15,-5.6,1028.25,-22,0,24
36,74,1100,23,-4.8,1029,-20.9,0,19
32,72,1200,35,-2.575,1030,-21.7,0,27
15,38,600,61,-1.475,1030,-22,0,31
12,33,500,59,-0.175,1029.75,-22.5,0,18
12,19,400,77,1.075,1028.75,-22.9,0,12
4,25,400,63,1.96,1028,-23.5,0,8
3,35,400,68,2.633333333,1028,-24,0,11
13,30,400,72,2.65,1028,-22.3,0,18
15,50,500,54,1.725,1028.5,-23,0,24
6,59,600,42,0.75,1029.25,-22.1,0,31
11,71,1000,19,-0.1,1030,-19.6,0,38
37,93,1900,22,-0.575,1030,-18.6,0,41
19,88,1600,8,-1.4,1031,-9.6,0,44
11,80,1000,17,-1.925,1031.5,-8.4,0,37
17,61,1100,29,-2.65,1032.25,-8.3,0,31
5,59,900,28,-3.5,1033,-8.3,0,37
15,54,800,29,-4,1033,-8.3,0,32
14,60,1100,17,-4.725,1033,-8.4,0,48
3,48,600,33,-4.825,1033,-8.2,0,35
14,62,700,67,-4.95,1033,-8.1,0,35
4,46,800,30,-4.05,1032.75,-7.9,0,42
14,35,600,54,-4.075,1032,-8.1,0,22
8,37,500,53,-4.125,1032,-8.5,0,26
2,32,500,44,-4.25,1031.5,-8.7,0,17
14,30,500,48,-4.025,1031.5,-8.9,0,23
14,55,700,38,-3.675,1031.5,-8.9,0,22
9,45,700,40,-2.66,1031,-9.3,0,34
16,34,600,60,-1.833333333,1029.666667,-9.3,0,48
22,37,600,65,-1.35,1028.5,-9.5,0,49
19,40,700,60,-1.06,1027.2,-9.3,0,48
12,43,800,61,-0.866666667,1026.666667,-9.3,0,53
11,48,700,61,-0.8,1026.25,-9.2,0,57
9,76,1200,28,-1.425,1026,-9.3,0,76
3,81,1200,14,-2,1026,-9.3,0,81
11,81,1300,17,-3.5,1027,-9.5,0,76
15,82,1400,22,-4.175,1027,-9.3,0,72
12,89,1500,22,-3.825,1027.25,-8.5,0,72
5,87,1500,20,-4.1,1027.25,-8.1,0,74
17,87,1400,11,-4.2,1028,-8.5,0,85
14,88,1600,22,-3.75,1028,-8.4,0,86
8,81,1500,14,-3.425,1027.5,-8.2,0,92
16,71,1600,17,-3.275,1028,-8.1,0,94
20,78,1600,13,-3.2,1028,-8.1,0,93
19,85,1800,55,-3.35,1027,-8.2,0,97
19,81,1900,13,-3.55,1027,-8.2,0,97
15,84,1900,24,-3.525,1027,-8.2,0,89
21,82,1900,21,-3.45,1028,-8.2,0,90
21,81,1800,23,-3.225,1028,-8.2,0,87
23,84,1800,18,-3.1,1029,-7.8,0,89
27,73,1500,22,-2.65,1029.5,-7.5,0,66
27,61,1000,25,-2.08,1030,-7.5,0,60
31,66,1000,32,-0.933333333,1029,-7.2,0,72
28,72,1000,25,-0.525,1028.25,-7.2,0,71
14,69,1400,33,-0.38,1027,-7.4,0,79
13,71,1500,30,-0.266666667,1027,-7.8,0,96
20,78,1600,20,0.05,1027,-7.9,0,116
11,82,1500,24,-0.15,1027,-7.9,0,122
19,90,1700,16,-0.45,1027.5,-7.9,0,128
18,94,1800,16,-0.7,1028,-7,0,120
19,97,2100,17,-0.7,1028.25,-6.7,0,125
26,98,2500,26,-0.9,1029,-6.5,0,138
24,91,2800,25,-1.175,1028.75,-6.1,0,138
24,90,2600,13,-1.2,1028,-6.2,0,120
19,93,2700,17,-1.2,1028,-5.9,0,127
18,93,2900,19,-1.3,1028,-5.8,0,141
24,81,3100,27,-1.475,1027.5,-5.8,0,146
21,86,2800,22,-1.525,1027,-5.7,0,133
23,86,2800,26,-1.7,1027,-5.7,0,141
26,76,2500,16,-1.65,1026.75,-5.6,0,131
20,78,2400,14,-1.775,1026,-5.6,0,120
23,75,1300,20,-1.9,1026,-5.4,0,111
25,85,2600,30,-1.9,1026.5,-5.5,0,138
25,88,3100,28,-1.8,1027,-5.5,0,155
32,87,3400,32,-1.35,1027,-5.6,0,167
39,80,2900,26,-0.78,1027.8,-5.7,0,157
41,74,2100,33,-0.266666667,1027,-5.5,0,158
43,62,1400,54,0.35,1026,-5.8,0,154
43,61,1300,64,0.96,1025,-6.6,0,145
28,58,1100,60,1.833333333,1025,-6.7,0,137
31,77,1200,46,1.725,1025,-6.7,0,123
32,105,1800,30,1.3,1025,-6.7,0,155
19,110,1900,22,0.35,1025.25,-6.8,0,169
32,109,1800,22,-0.225,1026,-6.7,0,165
25,109,1600,26,-1.15,1027,-6.9,0,167
24,106,1400,23,-2.25,1027.75,-7,0,170
32,110,100,29,-3.075,1028.5,-7.3,0,171
5,27,500,48,-1.8,1031.75,-16.8,0,26
5,29,400,50,-0.75,1030.75,-16.8,0,22
4,28,400,54,0.225,1029.75,-16.8,0,21
6,37,500,49,0.94,1028.4,-16.6,0,20
8,51,700,43,1.633333333,1028,-15.7,0,35
11,68,800,33,1.25,1028,-15.4,0,49
14,79,900,23,1,1027.25,-15.2,0,57
11,87,900,11,0.55,1027,-14.8,0,50
11,86,900,10,0,1027.75,-14.8,0,46
11,81,100,12,-0.75,1028,-14.7,0,43
11,86,1100,8,-1.575,1028,-14.2,0,50
12,84,100,10,-2.55,1027.5,-13.8,0,55
12,86,900,9,-3.55,1027,-13.3,0,54
17,90,1100,9,-2.9,1026.5,-12.1,0,64
23,95,1800,9,-1.925,1025.5,-10.6,0,76
29,96,2600,10,-1.7,1025,-9.6,0,87
21,81,2400,17,-2.85,1024,-7.9,0,103
18,27,700,50,-1.425,1024,-10.4,0,34
8,10,400,69,-0.825,1025,-15.6,0,12
5,8,300,76,-0.775,1025,-18.3,0,12
4,7,300,81,-0.8,1025.75,-19.8,0,12
4,6,300,83,-1.26,1025.4,-21,0,9
4,6,300,85,-1.433333333,1026.333333,-21.7,0,9
4,7,300,84,-1.95,1027,-23,0,9
4,9,300,83,-2.75,1028,-24.5,0,10
5,10,300,81,-3.975,1029.5,-24.9,0,12
5,13,300,75,-4.875,1030.75,-25.2,0,11
6,17,400,70,-5.56,1031.6,-25,0,11
6,15,400,71,-6,1032,-24.9,0,11
7,16,400,68,-6.575,1033,-25,0,14
7,18,400,66,-6.825,1033,-24.7,0,8
6,18,400,66,-7.05,1032.5,-24.3,0,10
6,19,400,63,-7.425,1032,-24,0,8
5,15,300,65,-7.425,1032,-23.4,0,8
6,14,400,65,-6.775,1031.5,-22.9,0,8
5,13,300,85,-6.7,1031.25,-22.3,0,5
5,12,300,69,-6.95,1031.25,-22.4,0,7
7,15,400,68,-7.075,1031.75,-22.5,0,8
8,25,400,58,-7.45,1032,-22.3,0,10
10,31,500,52,-7.9,1032.4,-21.5,0,11
13,31,600,53,-7,1033,-21,0,12
11,37,700,49,-5.7,1033,-21.3,0,16
9,35,700,53,-4.34,1033,-20.9,0,17
9,33,700,57,-2.933333333,1032,-20.9,0,21
7,26,600,67,-1.975,1030.75,-21,0,18
7,30,600,66,-1.42,1029,-22,0,19
8,39,700,59,-0.533333333,1028,-22,0,17
10,40,700,63,-0.45,1027.5,-22.4,0,26
9,37,600,67,-0.95,1027,-22.2,0,24
9,45,700,61,-2.075,1027,-21.7,0,27
10,52,800,56,-2.875,1027,-21.2,0,37
11,56,900,56,-3.825,1027,-20.7,0,45
12,64,100,45,-4.45,1027,-20.6,0,45
18,68,100,39,-4.85,1026.75,-20.2,0,53
21,74,1100,32,-5.775,1025.5,-19.7,0,64
19,85,1200,20,-6.425,1025,-19.6,0,68
27,98,2100,16,-6.2,1024,-19.4,0,70
43,98,2800,17,-6.6,1023.75,-19.1,0,81
38,89,2900,19,-7.825,1024,-18.7,0,90
36,87,2400,69,-8.85,1023.25,-17.9,0,90
30,84,1700,14,-9.1,1023,-17.6,0,69
18,58,900,35,-8.225,1023.25,-17.3,0,32
9,28,500,63,-2.775,1024.25,-19.6,0,11
7,19,400,71,-2.975,1025.25,-20.8,0,5
6,16,400,73,-2.725,1026.5,-21.7,0,6
6,10,300,78,-2.05,1027,-22.2,0,7
5,8,300,81,-1.06,1027,-22.3,0,7
4,7,300,81,-0.633333333,1027,-23.2,0,11
4,6,300,82,-0.5,1026,-23.9,0,6
4,5,300,80,-0.4,1026,-24,0,5
3,5,300,79,-0.133333333,1026,-24.3,0,5
3,6,300,79,-0.34,1026.8,-24.7,0,9
3,7,300,77,-1.15,1028,-24.6,0,8
3,14,400,70,-1.9,1029,-24.2,0,12
6,18,500,65,-2.375,1029.75,-24,0,11
10,17,600,66,-3.275,1031,-23.7,0,13
11,21,600,61,-4.3,1031.75,-23.2,0,15
8,31,500,51,-4.925,1032,-23.2,0,10
7,36,500,45,-4.975,1032,-23,0,11
8,41,500,38,-6,1032,-22.2,0,9
17,47,700,35,-7.275,1031.5,-21.7,0,13
8,45,700,34,-7.3,1031,-22.1,0,14
9,31,600,47,-8.325,1031.75,-22.2,0,12
8,37,600,82,-8.45,1031,-21.7,0,14
10,40,700,31,-7.6,1031,-21.8,0,15
11,62,100,13,-7.95,1031.5,-21.4,0,14
14,59,900,20,-8.25,1032,-20.8,0,12
8,64,800,11,-7.825,1032.75,-20.6,0,11
7,46,700,31,-7.3,1033,-20.4,0,11
7,29,700,49,-5.975,1033,-21.2,0,16
7,25,600,55,-4.775,1033,-21.4,0,21
5,23,600,60,-3.525,1032.75,-21.1,0,16
5,27,600,60,-2.125,1031.5,-20.4,0,17
6,37,700,55,-0.66,1030.4,-20,0,18
7,52,900,44,0.033333333,1029.333333,-20.1,0,21
11,54,900,48,0.175,1029,-20.6,0,29
15,45,900,65,-0.075,1029,-20.4,0,47
16,56,1100,59,-0.925,1029.25,-19.6,0,65
20,68,1200,47,-1.6,1030,-19.1,0,72
18,90,1300,12,-2.82,1030.8,-19.3,0,46
16,83,1100,14,-3.966666667,1031,-18.8,0,30
18,87,100,11,-5.325,1031.75,-18.2,0,31
13,58,800,30,-6.275,1032,-18,0,26
16,42,700,40,-7.275,1032,-17.7,0,24
14,38,800,41,-6.975,1032,-17.7,0,22
11,32,700,44,-7.475,1032,-17.8,0,20
12,31,600,45,-7.9,1032,-18.1,0,17
10,29,700,65,-9.2,1032,-18.1,0,15
11,28,600,47,-9.575,1032,-18.3,0,12
13,33,600,42,-8.925,1032,-18.3,0,11
7,36,600,38,-8.95,1032,-18.4,0,12
5,38,600,37,-9.35,1033,-18.1,0,12
6,39,700,36,-7.775,1033,-17.5,0,13
7,42,800,36,-5.725,1033,-18.7,0,17
7,28,600,54,-4.18,1033,-19.1,0,18
5,22,600,63,-2.866666667,1032.666667,-19.4,0,16
5,25,500,63,-1.725,1031.5,-19.7,0,19
8,32,600,61,-0.72,1030.2,-19.2,0,21
3,41,800,53,-0.3,1029.666667,-19,0,27
13,2,900,65,0.025,1029,-18.4,0,39
15,62,900,43,-0.325,1029,-18,0,34
14,65,100,38,-1.5,1030,-17.7,0,39
16,85,1300,19,-2.35,1030.5,-17.2,0,47
22,91,1600,19,-3.2,1031,-16.3,0,68
25,96,1800,17,-4.533333333,1031,-15.6,0,80
19,98,1900,13,-5.325,1031.75,-15.4,0,84
62,109,2900,63,-6.175,1032,-15,0,95
66,108,300,18,-6.966666667,1032.333333,-14.5,0,97
57,106,3200,63,-7.825,1033,-14.7,0,95
55,99,2800,15,-8.55,1033,-14.6,0,89
59,100,3700,17,-8.6,1033,-14.2,0,93
47,95,4200,63,-8.7,1033,-13.9,0,105
44,82,3700,19,-9.7,1033,-14.1,0,100
32,75,2600,14,-9.54,1033,-13.5,0,72
22,65,1800,13,-8.4,1033.666667,-13.3,0,51
14,52,1000,63,-8.475,1034,-13.9,0,27
12,42,900,30,-6.8,1034.75,-13.9,0,28
19,38,100,40,-4.5,1035,-13.6,0,29
17,52,1400,33,-2.68,1035,-14.7,0,44
20,62,1500,63,-0.933333333,1034.333333,-15.8,0,53
23,68,1600,41,0.25,1033.5,-15.2,0,68
24,74,1000,44,1.64,1032.2,-15.1,0,71
27,84,1600,49,1.9,1032,-14.9,0,86
35,113,2300,36,1.875,1031.5,-14.4,0,109
39,116,2300,49,2,1031,-14.1,0,120
36,125,2400,26,0.875,1031,-13.4,0,122
38,124,2600,27,-0.15,1031.75,-13.1,0,130
38,121,2600,49,-1.075,1032,-13.1,0,134
38,112,2500,49,-1.35,1032,-13.1,0,128
40,95,2400,49,-0.9,1032,-12.8,0,120
45,100,2400,49,-1.65,1032,-12.5,0,128
46,106,2500,29,-2.125,1031.5,-12.2,0,134
45,123,3700,26,-3.35,1031.25,-11.8,0,152
26,122,4400,28,-4.65,1031,-11.7,0,169
36,121,5200,33,-5.325,1031,-11.3,0,202
47,120,5500,49,-6.65,1030.5,-11.4,0,220
40,108,500,35,-7.225,1030,-11.1,0,208
35,107,4500,31,-6.975,1030,-10.7,0,191
33,100,3800,25,-6.425,1030,-10.1,0,156
37,114,4200,26,-6.1,1031,-10.3,0,160
48,117,4100,49,-5.333333333,1030.666667,-10.6,0,154
61,114,4200,30,-3.666666667,1030.5,-10.7,0,164
54,91,300,32,-1.625,1030.5,-12.3,0,136
47,83,2800,44,-0.475,1029.25,-11.5,0,143
45,84,2700,54,0.75,1028.5,-10.9,0,150
47,100,2800,57,2.75,1025.75,-9.5,0,164
46,112,2800,50,2.666666667,1025,-9.2,0,162
49,132,300,37,2.1,1025,-8.8,0,176
48,139,3300,30,0.675,1025,-8.8,0,200
44,113,300,42,-1.175,1025,-8.7,0,194
41,110,3100,43,-2.8,1025,-9,0,208
35,118,3400,57,-3.8,1024.75,-8.9,0,224
32,130,3600,57,-4.575,1024.5,-9.1,0,236
30,128,4300,57,-4.825,1023.25,-8.7,0,253
22,122,4300,57,-4.425,1022.75,-7.9,0,260
20,124,5200,57,-3.95,1022,-7.3,0,269
22,120,5400,57,-3.95,1021.25,-7,0,295
26,120,5900,57,-3.125,1020,-6.5,0,321
28,121,600,57,-3.4,1019.5,-6.6,0,326
28,113,5900,42,-3.525,1018,-6.6,0,318
32,114,5400,37,-3.525,1017.25,-6.7,0,288
38,117,4600,57,-3.425,1016.75,-6.5,0,246
44,120,4300,29,-2.925,1017,-6.7,0,238
54,116,4400,31,-2.575,1016.5,-6.9,0,248
59,109,4300,34,-1.825,1016.75,-7,0,262
60,101,3900,38,-0.98,1016,-6.9,0,270
71,108,4000,57,-0.066666667,1016,-7,0,259
72,93,3300,57,1.95,1016,-8.1,0,209
34,40,1300,59,5.9,1016.4,-9.6,0,96
18,27,800,71,8.375,1017,-10.3,0,51
5,10,300,87,9.166666667,1018.333333,-12.1,0,8
5,11,300,88,7.875,1020,-14.2,0,7
4,9,300,88,5.925,1022,-14.9,0,10
5,12,300,88,4.325,1024.75,-15.2,0,9
5,14,300,88,3.5,1026.25,-15.9,0,11
4,13,300,88,2.575,1027.75,-16.9,0,7
8,15,400,88,1.725,1028.25,-16.7,0,4
11,16,400,88,-2.77556E-17,1029,-16.6,0,10
10,16,400,88,-1.275,1029.5,-15.8,0,11
8,18,400,88,-1.325,1029.5,-15.9,0,11
12,22,600,88,-1.85,1030,-15.5,0,13
9,20,400,88,-1.75,1030,-15.7,0,10
7,12,300,88,-3.6,1029.75,-15.7,0,6
8,12,300,73,-3.275,1029,-15.1,0,9
12,16,400,67,-2.875,1029,-14.6,0,11
12,27,500,55,-3.925,1029,-14.3,0,11
13,25,500,53,-5.65,1029,-14.1,0,11
16,48,600,32,-3.825,1030,-14,0,15
18,31,700,56,-0.9,1030,-14.9,0,24
22,24,700,69,0.8,1029.2,-15.5,0,28
22,17,600,84,1.6,1029,-15.4,0,37
19,19,600,102,3.575,1024,-16.8,0,53
20,22,700,103,2.64,1023,-16.5,0,58
21,34,800,87,1.433333333,1022.666667,-16.2,0,61
28,41,900,85,0.775,1023,-16,0,87
38,52,100,74,0.64,1023,-16.1,0,118
57,60,1100,71,0.233333333,1022.333333,-15.8,0,179
72,74,1200,63,0.6,1022,-15.8,0,240
76,73,1400,68,0.575,1021.75,-15.7,0,278
88,75,1600,68,-0.725,1021,-15.6,0,305
155,94,2100,80,-0.525,1020,-15.7,0,576
161,95,2600,82,-2.975,1020,-14.9,0,641
155,92,2900,85,-4,1019.5,-14.5,0,651
159,93,300,103,-3.5,1019,-13.5,0,682
164,95,3500,125,-3.275,1018.75,-12.2,0,713
146,92,3600,110,-3.15,1018,-11.8,0,697
104,83,2800,66,-2.8,1018,-11.1,0,462
91,81,2700,56,-2.575,1018,-10.6,0,383
87,78,2600,54,-2.125,1018,-10.1,0,374
85,77,2400,49,-1.75,1018,-9.5,0,323
82,73,2200,44,-1.3,1018.6,-8.7,0,257
89,65,2300,54,-0.533333333,1018,-8.2,0,249
96,63,2300,60,0.3,1017.25,-8.5,0,244
90,60,2400,65,1.12,1016.2,-8.8,0,238
84,72,2500,62,1.6,1016,-8.4,0,242
81,80,2600,59,1.85,1016,-8.5,0,243
73,75,2900,59,1.7,1016,-7.9,0,247
63,82,300,51,0.625,1016,-7.9,0,246
54,83,300,47,-1.45,1017,-8.2,0,243
42,93,3200,35,-2,1017,-8,0,242
55,100,400,38,-2.175,1017.5,-7.2,0,258
61,102,4600,40,-2.85,1018,-6.7,0,273
84,107,500,45,-3.575,1018.25,-6.7,0,307
100,104,4200,42,-3.525,1018,-6.5,0,297
95,102,4300,42,-2.825,1018.25,-5.4,0,292
60,70,3700,42,-1.975,1019,-4.5,0,203
10,7,300,72,0.25,1019,-9.4,0,11
6,4,300,125,1.15,1019.5,-16.6,0,3
5,5,200,77,0.875,1020.75,-17.5,0,9
3,5,200,81,0.3,1021.75,-20.4,0,9
4,6,200,79,-0.875,1023.25,-22.9,0,10
5,8,200,75,-2.425,1024.25,-22.2,0,10
5,10,300,70,-2.975,1025.5,-21.5,0,11
4,8,300,72,-3.375,1026,-21.6,0,10
5,7,300,75,-3.2,1026,-21.7,0,12
5,7,300,76,-2.45,1026,-21.6,0,7
5,7,300,77,-1.95,1025.5,-21.8,0,15
4,6,300,80,-1.22,1025,-21.6,0,15
5,6,300,81,-0.533333333,1025.666667,-22,0,8
5,7,300,82,-0.6,1026.5,-21.4,0,13
5,8,300,81,-0.55,1027.25,-21.4,0,11
5,8,300,81,-1.375,1028.25,-21.2,0,11
3,7,200,82,-1.95,1029.25,-21.4,0,3
3,8,200,79,-1.9,1030.25,-21.1,0,8
2,7,200,79,-2.525,1031.25,-22.5,0,9
4,11,300,75,-2.925,1032.25,-23.7,0,7
8,13,400,72,-3.325,1033,-23.9,0,10
6,11,400,72,-3.625,1033.75,-24.6,0,8
6,11,400,70,-4.175,1034,-24.9,0,9
9,8,400,71,-4.725,1034.25,-24.9,0,7
9,8,400,71,-5.125,1035,-25.2,0,9
11,9,400,82,-5.375,1035,-25.4,0,8
11,10,400,69,-5.575,1035,-25.6,0,5
11,12,400,68,-5.9,1035,-25.5,0,7
13,18,400,63,-6.925,1035,-24.9,0,9
12,16,400,65,-6.9,1035.6,-24.6,0,8
13,15,400,67,-5.3,1036.5,-24.3,0,6
12,13,400,71,-3.4,1036.6,-24.4,0,12
6,8,300,76,-1.6,1035.6,-24.9,0,4
7,8,300,77,-1.1,1033.8,-26.1,0,4
7,10,300,79,0.2,1032.5,-26.9,0,3
6,12,400,79,1.6,1031.3,-26.8,0,8
11,22,400,71,1.9,1030.8,-27.8,0,9
9,19,400,78,1.8,1030.2,-29.1,0,9
16,21,500,101,0.8,1029.9,-31.3,0,35
28,43,900,133,-0.1,1029.7,-28.2,0,126
16,39,700,98,0.1,1029.7,-28,0,71
22,32,700,94,0,1029.3,-28.1,0,64
30,29,700,90,-0.2,1028.9,-27.2,0,57
32,34,800,84,-0.4,1028.1,-27.4,0,59
42,41,900,76,-0.4,1028.3,-26.4,0,70
34,36,900,79,-0.7,1027.9,-25.8,0,70
38,36,100,78,-1.1,1027.6,-26.1,0,78
35,39,1100,74,-1.5,1027.3,-25.6,0,86
34,46,1200,65,-1.7,1026.8,-25,0,95
32,42,1200,133,-1.8,1025.8,-24.4,0,98
34,65,1700,46,-1.6,1025.5,-23.5,0,104
38,83,2100,25,-2.5,1025,-21.4,0,86
34,81,2100,26,-2.8,1025.1,-21.1,0,94
40,83,2400,27,-3.1,1025.3,-20.4,0,93
45,70,2400,39,-1,1025.2,-20.1,0,100
45,54,1900,56,0.4,1025.1,-24.1,0,85
44,48,1700,67,1.5,1025.1,-23.2,0,81
42,55,1700,66,2.7,1024.1,-22.2,0,79
35,52,1500,71,4.3,1022.7,-22.7,0,68
26,39,1100,81,5.1,1021.9,-23,0,50
24,48,1100,75,6.1,1021.5,-22.3,0,55
32,68,1300,66,5.4,1021.6,-22.8,0,72
38,69,1200,68,4.1,1022.4,-22.9,0,80
24,62,1200,79,3.1,1023.3,-21.9,0,72
36,75,1400,75,1,1024.2,-20.7,0,91
30,88,1500,46,-0.6,1025.2,-19.2,0,73
13,27,700,76,1.9,1026.4,-22.1,0,24
5,17,400,80,2.2,1027.5,-22.6,0,10
2,11,300,80,1.3,1028.6,-21.8,0,3
4,13,400,77,0.3,1029.4,-22,0,5
2,10,400,79,-0.4,1030.1,-22.5,0,5
5,11,400,73,-1.9,1031,-22.5,0,7
7,12,400,71,-1.9,1031.6,-23.1,0,6
8,11,400,81,-3.3,1032.3,-21.5,0,8
9,16,500,67,-3.9,1033.1,-20.6,0,8
8,22,500,62,-4,1034,-21.2,0,6
7,19,500,64,-5.1,1034.6,-20.4,0,5
12,25,500,58,-3.9,1035.6,-20.6,0,7
11,22,400,64,-1.9,1036,-22.5,0,9
6,11,300,79,-0.8,1035.8,-23.6,0,10
4,9,300,83,0.5,1035.7,-24,0,6
6,11,400,84,2,1035,-23.6,0,9
7,11,400,86,3.3,1034,-24.5,0,15
7,11,400,88,4.5,1032.9,-24.6,0,8
7,21,500,80,4.8,1032.5,-24.4,0,10
11,29,500,73,4.9,1032.1,-24.3,0,17
15,30,500,73,3.7,1031.9,-23.2,0,20
3,39,800,88,2.3,1031.9,-21,0,3
31,2,1100,88,1.3,1031.5,-19.3,0,89
48,67,1200,88,0.8,1031.3,-19.7,0,126
44,71,1200,88,0.5,1031,-19.9,0,129
49,97,1500,88,-1,1030.9,-19.6,0,146
54,99,2400,88,-3.5,1030.7,-17.9,0,154
62,97,2300,88,-5.2,1030.5,-17.3,0,124
73,97,2800,88,-6.7,1030.3,-17.2,0,133
61,87,2300,88,-7.3,1029.9,-18.6,0,121
20,34,1000,88,-7.3,1029.6,-19.2,0,37
25,42,1000,88,-6.8,1029.1,-19.1,0,34
22,54,1200,88,-7.4,1028.8,-19.3,0,31
22,55,1500,88,-6.6,1028.6,-19.9,0,38
20,64,1400,88,-6,1029,-20.1,0,37
25,53,1200,88,-3.1,1028.9,-19.9,0,42
25,41,1100,88,-0.7,1028.7,-20.4,0,41
28,45,1300,51,1.1,1028.1,-20.6,0,51
34,44,1400,63,2.5,1026.8,-20.9,0,58
35,40,1300,76,4.4,1025.4,-20.9,0,61
31,51,1300,76,5.4,1024.1,-20.9,0,63
33,56,1200,81,6.2,1023.3,-20.3,0,70
40,72,1300,68,6.3,1022.8,-20.2,0,71
39,86,1400,54,3.2,1022.8,-18.9,0,72
34,100,1800,45,2.2,1022.9,-17.4,0,87
37,89,1900,65,0.1,1023.2,-17.6,0,119
51,104,200,53,-1.1,1022.9,-17.3,0,132
56,121,2300,40,-1.6,1022.8,-16.2,0,147
54,124,2300,38,-2.4,1022.5,-15.5,0,150
50,119,2400,37,-2.7,1022.2,-15.1,0,156
58,127,300,29,-3.4,1021.8,-14.8,0,148
95,133,4300,34,-3.9,1021.6,-14.1,0,145
88,126,5200,41,-3.4,1021.7,-14.8,0,166
76,123,4900,40,-4.8,1021.6,-14.1,0,168
55,104,400,81,-5.3,1021.3,-14.9,0,140
48,89,3500,28,-5.3,1021,-14.1,0,112
34,88,3100,24,-5.4,1021.1,-16.3,0,103
32,92,3100,24,-5.3,1021.4,-15.9,0,100
37,95,3400,24,-5.8,1021.7,-15.6,0,102
38,81,2800,29,-2.1,1021.5,-17,0,97
26,54,1500,46,0,1021.2,-17.3,0,63
24,53,1400,54,1.7,1020.6,-17.8,0,66
27,64,1600,56,3.1,1019.6,-17.7,0,79
36,75,1800,66,5.3,1018.3,-16.5,0,103
38,81,1900,70,5.5,1017.2,-17.7,0,116
42,87,200,72,5.8,1016.7,-15.5,0,127
60,108,2400,69,6.1,1016.3,-13.5,0,156
77,109,2800,94,3.7,1016.5,-12.3,0,219
71,104,300,102,0.9,1016.8,-12.9,0,232
65,107,3200,100,1.1,1017.1,-10.7,0,245
60,122,3300,81,-0.7,1016.9,-10.6,0,251
63,123,3600,75,-0.7,1017,-9.6,0,299
78,98,3400,83,-0.8,1016.6,-9.2,0,319
73,99,3200,73,-0.1,1016.5,-8.3,0,317
82,137,4500,57,-0.1,1016.7,-8.1,0,321
100,165,5800,53,0.1,1016.4,-8.1,0,316
83,160,5400,52,-0.3,1016,-8.3,0,317
89,148,5600,58,0.3,1015.7,-8.2,0,339
81,136,5700,102,0.2,1015.2,-9,0,351
75,132,5700,56,0.1,1015,-8.4,0,343
72,134,5400,56,0.2,1014.9,-8.5,0,359
69,121,5200,49,-1.2,1015.1,-8.9,0,331
59,118,5300,48,-1.9,1015.5,-8.6,0,311
71,110,4800,52,-1.1,1015.8,-8.3,0,303
86,111,4300,57,2.7,1015.5,-10.2,0,288
86,105,3600,66,4.5,1015,-9.3,0,281
79,101,3500,80,6,1014.2,-8.3,0,300
70,96,3100,95,7.4,1012.8,-7.9,0,284
59,96,2900,99,8.8,1011.7,-7.9,0,251
48,93,2600,97,9.1,1011.3,-7.6,0,213
64,152,3800,71,8.3,1011.1,-5.9,0,258
67,173,4400,63,7.3,1011.7,-6.5,0,348
68,175,400,52,6,1012.8,-6.9,0,327
54,163,3300,34,7.1,1013.5,-8.1,0,279
23,60,900,53,7.7,1014.1,-10.2,0,82
16,36,600,70,7.3,1014.9,-13.6,0,25
6,18,300,89,6.3,1015.4,-13.4,0,9
7,19,300,83,6.1,1015.7,-13,0,8
9,26,400,74,5,1015.7,-12,0,10
11,40,500,57,4.4,1015.9,-10.9,0,11
13,41,600,55,0.9,1016.1,-10.6,0,17
15,34,600,61,-0.4,1016.5,-10.6,0,17
17,35,600,99,2,1016.8,-10.5,0,19
15,27,600,56,3.9,1017.3,-11.3,0,20
15,27,600,55,1.9,1017.2,-12,0,18
15,31,600,51,2.7,1017.9,-14.5,0,15
11,28,500,58,3,1018.5,-15.7,0,10
11,24,400,66,4.1,1019.1,-15.8,0,8
7,15,300,75,5.9,1019.1,-16,0,7
5,12,300,83,6.3,1019.2,-17,0,10
4,8,200,94,7.5,1018.6,-17.5,0,8
4,8,200,98,8.2,1017.6,-17.8,0,9
3,8,200,103,8,1016.5,-18.8,0,9
4,9,200,107,9.3,1016.4,-17.8,0,9
5,12,300,105,8.9,1016.5,-18.1,0,18
6,16,300,101,8.5,1017.1,-18.4,0,18
5,17,300,92,7.7,1018.4,-18.2,0,10
6,16,300,94,6.9,1019.5,-18,0,7
9,18,400,89,6.5,1020.6,-17.6,0,7
7,19,300,86,3.3,1021.3,-17,0,9
9,23,400,77,3.3,1022.1,-16.4,0,8
11,28,500,70,2.5,1022.333333,-15.9,0,11
10,31,500,66,2.65,1023,-15.8,0,8
5,26,400,66,2.2,1024,-15.5,0,10
8,25,400,63,1.475,1024,-14.9,0,9
11,19,300,70,0.925,1025.25,-15,0,6
8,19,300,107,0.2,1026,-15.3,0,5
7,17,200,107,-0.225,1026.25,-15.3,0,7
10,18,300,73,-0.625,1027,-15.2,0,3
11,30,400,61,-1.15,1027,-15.9,0,6
10,39,400,54,-0.6,1028.9,-16.5,0,5
11,27,400,68,0.9,1029.6,-17,0,7
10,26,400,71,2.4,1030,-19.6,0,6
4,15,200,84,3.3,1030.2,-21.7,0,7
5,11,200,89,4,1029.6,-22.9,0,5
5,9,200,92,4.5,1028.2,-22.5,0,3
4,12,200,90,5.5,1027.2,-21.7,0,3
4,15,200,90,4.9,1027,-21.3,0,4
3,20,300,86,3.6,1027.3,-19.2,0,6
5,37,400,67,3.5,1027.6,-18.7,0,13
6,41,400,61,2.8,1027.8,-18,0,7
9,45,600,57,2.3,1028,-17.3,0,21
12,47,600,54,2,1028.4,-17.5,0,26
19,50,700,52,1.9,1028.5,-17.1,0,30
20,55,700,46,1.2,1028.9,-16.7,0,38
16,55,700,92,0.6,1028.9,-17.2,0,35
19,60,800,92,0.5,1028.7,-15.9,0,40
24,81,1200,23,-0.2,1028.5,-13.8,0,56
27,89,1600,18,-1.4,1028.1,-12.1,0,68
23,83,1500,18,-1.2,1028.4,-11.4,0,70
19,72,1300,92,-0.6,1027.9,-10.8,0,67
20,61,1200,92,-0.7,1027.6,-10.6,0,66
22,60,1000,32,-1.1,1027,-10.2,0,70
26,65,1200,92,0,1027.6,-9.7,0,69
30,71,1000,22,-1,1028.1,-9.6,0,76
35,81,2400,24,0.1,1028.3,-9.4,0,78
37,89,300,26,0.7,1028.4,-9.3,0,90
22,41,1200,92,0.9,1028.4,-6.9,0,73
19,32,100,92,1.6,1027.8,-7.5,0,40
27,31,100,90,2.4,1026.7,-8.1,0,38
25,37,1100,61,2.4,1025.8,-8.3,0,45
24,48,1300,53,2.9,1025.5,-9.1,0,59
23,86,200,19,2.9,1025.2,-10.4,0,88
20,91,2100,12,0.9,1025.4,-7.6,0,101
17,98,2100,61,0.4,1025.6,-7.6,0,110
15,99,2100,61,-0.1,1026.2,-7.4,0,110
16,99,2100,2,-0.5,1026,-6.9,0,118
15,92,1900,3,-1,1025.9,-7.2,0,107
17,99,2200,61,-2.4,1026.2,-7.1,0,106
19,107,2700,2,-2.8,1026.2,-7.1,0,114
17,105,2600,2,-2.8,1026.3,-7,0,113
17,100,2400,2,-2.9,1026.3,-6.5,0,117
16,100,2400,2,-3,1026.3,-7,0,118
17,102,2700,2,-2.8,1026,-6.4,0,118
16,90,2600,61,-2.5,1025.6,-7.2,0,111
17,74,2400,2,-2.1,1025.8,-7.4,0,102
18,52,1000,24,-2.6,1026.3,-8.9,0,63
11,12,300,84,-2.9,1027.3,-9.8,0,10
6,8,200,89,-0.9,1027.7,-16.3,0,8
7,12,300,83,0.5,1027.9,-17.3,0,9
8,14,300,81,1.2,1028.2,-17.7,0,12
8,10,300,85,1.9,1027.8,-18.2,0,10
6,8,300,89,2.7,1026.8,-19.3,0,7
6,8,300,91,3.6,1026.1,-20,0,14
4,6,300,97,2.9,1025.6,-22.1,0,12
2,3,200,103,4.3,1025.2,-22.7,0,7
2,3,200,107,2.6,1025.3,-25,0,14
3,6,200,102,1.7,1025.6,-25.7,0,11
3,8,200,107,0.4,1026.5,-24.9,0,6
3,10,200,92,-0.7,1027.5,-23.5,0,8
3,7,200,93,-1.4,1028.2,-21.5,0,9
5,10,200,89,-2.5,1028.2,-21.9,0,6
4,15,200,82,-2.8,1028.3,-21.6,0,9
5,14,300,107,-3.1,1028.3,-21.4,0,8
5,14,300,107,-3,1027.9,-20.3,0,10
5,13,300,107,-3.5,1027.3,-20.3,0,6
5,14,300,107,-3.5,1026.8,-20.3,0,9
5,10,300,107,-3.5,1025.7,-20.7,0,8
5,11,300,107,-3.6,1025.7,-20.8,0,6
5,12,300,107,-4.1,1025.4,-21.3,0,4
6,16,400,107,-3.4,1025.4,-20.7,0,7
6,22,400,107,-3.8,1025.8,-21.5,0,6
5,16,400,77,-2.4,1025.7,-21.3,0,7
4,10,300,84,-1.1,1025.7,-20.7,0,6
2,7,300,107,-0.5,1025.4,-22,0,4
2,5,300,93,-0.4,1024.4,-22.5,0,8
4,6,300,107,1,1023.4,-22.1,0,7
4,6,300,107,1.1,1022.4,-22.7,0,11
2,7,300,100,2.8,1022.1,-23.9,0,11
2,6,200,102,1.7,1022.1,-24.8,0,8
2,2,200,93,1.2,1022.4,-22.7,0,4
5,13,100,102,-0.3,1023.7,-21.8,0,7
4,17,100,91,-1.5,1023.7,-22.2,0,7
2,18,100,89,-1.2,1024,-21.9,0,8
2,14,100,90,-1.3,1024.1,-20.9,0,8
4,14,100,86,-1.9,1024.2,-19.8,0,6
3,16,100,83,-1.8,1024,-19.8,0,5
2,15,100,82,-1.8,1023.9,-20.3,0,8
4,13,100,83,-2,1024.3,-20.9,0,4
4,12,300,87,-2,1024.6,-22,0,8
4,11,300,85,-2.4,1024.7,-22.4,0,4
4,10,300,89,-2.7,1025.1,-22.1,0,5
5,13,300,88,-2.9,1025.1,-22.8,0,3
5,16,300,84,-3.5,1025.9,-22.7,0,7
5,18,300,82,-3,1026.9,-23.4,0,6
6,17,400,83,-2,1027.3,-22.6,0,7
6,14,400,89,-1,1027.2,-23,0,10
3,7,300,99,0.5,1027.1,-22.5,0,9
3,7,300,101,1.2,1026.3,-23.4,0,5
4,7,300,104,2.9,1025.2,-22.1,0,9
3,6,300,107,3.8,1024.1,-22.2,0,7
3,7,300,107,4.5,1023.5,-22.5,0,6
3,7,300,108,4.8,1023.1,-23.3,0,9
2,10,200,105,4.1,1023.5,-24.9,0,6
3,17,300,97,3.6,1024,-22.3,0,8
5,29,400,81,3.2,1024.3,-23.6,0,6
8,27,400,85,2.4,1024.8,-23.3,0,9
6,18,400,94,1.7,1025,-23,0,7
9,21,400,89,1,1025.3,-22.1,0,8
17,33,600,75,0.9,1025.3,-22.9,0,13
12,34,500,73,1.4,1025.5,-21.8,0,9
11,58,500,45,-2.1,1025.6,-19.5,0,12
12,50,500,51,0.4,1025.9,-20.6,0,11
12,61,500,38,0.5,1025.6,-20.5,0,11
11,69,600,21,0.1,1025.3,-19.7,0,19
13,87,600,5,-3.6,1025.1,-18.3,0,18
16,71,600,25,-4.6,1025,-18.1,0,15
18,80,700,18,-3.7,1025.2,-18.8,0,11
23,95,1300,8,-2.2,1025.9,-18.7,0,13
32,77,1400,22,0,1026.2,-18.7,0,22
22,49,1100,50,2.5,1026.1,-18.3,0,19
17,25,700,75,4.2,1025.5,-18.1,0,17
10,17,500,86,6.2,1024.3,-17.8,0,14
9,13,400,94,8,1023.2,-17.1,0,10
6,10,300,104,8.6,1022.1,-17.5,0,3
7,10,300,107,9.2,1021.7,-17.9,0,14
7,16,400,101,9.8,1021.4,-17.4,0,13
14,45,800,81,8.5,1021.3,-18.4,0,30
18,57,900,86,6.3,1022,-19.3,0,49
15,68,100,71,5.2,1022.5,-18.6,0,56
31,88,1200,46,2,1022.7,-17,0,90
49,101,1400,31,-0.2,1023.2,-16.1,0,139
73,117,1600,14,-1.7,1023.6,-13.9,0,185
91,124,2300,5,-1.9,1023.5,-14,0,237
97,120,2700,6,-3.2,1023.6,-12.9,0,220
84,105,2500,5,-3.3,1023.4,-13.8,0,214
35,72,1400,16,-3.4,1023.5,-13.4,0,113
34,85,1400,4,-3.5,1023.1,-13.7,0,101
17,47,900,34,-4.6,1023.2,-14.2,0,46
16,40,800,45,-4.3,1023.2,-15,0,31
19,51,900,33,-4.5,1023.4,-15.5,0,30
22,73,1300,9,-5.4,1023.8,-14.7,0,44
27,82,1900,5,-4.8,1024.1,-14.1,0,60
49,71,2100,20,-0.3,1024.5,-13.9,0,69
86,81,3800,23,1.2,1024.3,-11.6,0,93
110,95,4800,25,4.2,1023.8,-11.5,0,126
89,94,4100,36,6.5,1022.9,-12.7,0,118
83,93,3800,46,7.7,1021.9,-13.3,0,116
68,85,300,56,9.2,1021,-12.6,0,114
57,83,2600,60,9.9,1020.7,-12.7,0,98
56,100,2900,50,10.3,1020.4,-13.7,0,109
44,97,2300,47,9.3,1020.5,-13.2,0,97
46,126,2700,23,7.9,1021,-12,0,107
40,130,2600,15,5.3,1021.5,-11.8,0,113
32,113,2100,22,2.4,1021.7,-11.2,0,102
33,129,2300,12,1.4,1022.2,-10.4,0,122
34,140,300,4,-0.1,1022.6,-9,0,129
47,145,3500,4,-0.7,1023,-10.1,0,135
68,148,4200,6,-2,1023.5,-9.8,0,151
85,151,5900,8,-1.7,1023.9,-9.3,0,191
74,148,6100,6,-2.8,1024.4,-9.5,0,198
61,144,5400,6,-3.4,1024.5,-10.1,0,198
53,128,4500,5,-3.7,1024.9,-10.6,0,178
40,110,3700,3,-3.4,1025.4,-10.5,0,131
39,110,3700,3,-4.3,1026.1,-11.8,0,134
33,104,3500,3,-4.4,1027,-11.4,0,119
28,81,2100,6,-0.2,1027.8,-11.9,0,73
29,73,2100,17,3.2,1028.4,-11.6,0,72
28,68,1900,29,6.2,1028.7,-11.9,0,65
21,44,1200,57,9.1,1028.9,-12.7,0,45
11,21,600,83,10.1,1028.4,-13.9,0,29
9,14,400,93,10.8,1027.7,-14.9,0,15
8,16,400,95,11.5,1026.9,-15.1,0,14
7,21,500,92,11.9,1026.7,-16.7,0,16
6,25,400,91,12,1026.8,-16.6,0,18
6,38,500,78,11.4,1027.1,-15.2,0,21
6,61,600,54,9.3,1027.4,-15.3,0,24
8,76,800,38,7.6,1028.4,-9.8,0,24
25,104,1900,26,3.8,1029,-10.3,0,89
28,95,1900,35,3.5,1029.6,-9.9,0,101
44,123,2700,15,4.7,1030.4,-8.1,0,144
51,141,3400,9,3.4,1030.8,-8,0,180
46,130,300,17,1.5,1031.1,-8.9,0,159
43,94,2500,42,-0.1,1031.4,-8.3,0,137
36,134,3300,4,-0.5,1031.4,-6.7,0,144
30,129,300,2,-1.5,1031.5,-6.6,0,149
22,123,2900,3,-2.4,1031.7,-6.8,0,148
16,112,3100,2,-3.2,1031.2,-6.8,0,148
13,112,3100,2,-3.8,1031.7,-6.4,0,139
11,111,3300,2,-4.5,1031.5,-6.5,0,151
8,104,3100,2,-3.1,1031.8,-4.5,0,148
8,102,2600,2,-2.5,1031.9,-3.8,0,140
11,100,2700,4,-2,1031.6,-3.3,0,149
17,106,2900,9,-0.7,1031.3,-3.2,0,170
26,114,300,13,-0.1,1030.3,-3.5,0,196
44,111,2900,23,2.5,1028.9,-3.8,0,198
50,119,3100,24,4.1,1027.7,-3.9,0,215
52,119,3100,25,4.1,1026.8,-3.4,0,213
44,124,300,21,3.8,1026.1,-4.2,0,214
34,124,2800,15,3.8,1025.8,-4.2,0,210
33,132,2800,8,1.5,1025.6,-4.6,0,205
29,127,2600,11,1.4,1025.8,-4.5,0,210
31,120,2600,15,-0.4,1025.7,-4.3,0,211
37,148,3400,4,-1.1,1025.6,-4.5,0,227
46,151,3800,2,-0.8,1025.4,-4.9,0,247
52,156,4200,3,-1.8,1025,-4.6,0,260
50,160,4900,4,-2,1024.1,-5.3,0,277
45,151,4700,3,-2.3,1023.8,-5,0,261
36,138,4200,2,-2.8,1022.8,-5.3,0,244
32,132,3900,2,-2.4,1022.1,-5.9,0,236
33,130,3900,3,-3.3,1021.6,-6.4,0,225
31,105,3000,2,-2.7,1020.9,-6.2,0,240
24,114,3000,2,-3.6,1020.8,-6.6,0,241
21,104,3000,2,-3.5,1020.5,-6.8,0,230
20,100,3000,2,-2.6,1020.3,-6.4,0,232
31,102,3000,6,-0.2,1019.9,-5.6,0,234
46,111,3000,11,1,1019.3,-5.5,0,245
64,130,4000,13,3,1018.3,-5.9,0,249
72,126,3000,32,5.4,1017,-5.9,0,265
64,97,2000,64,6.7,1015.2,-6.3,0,229
57,118,3000,64,7.3,1013.8,-6.1,0,3
56,130,3000,64,8,1012.8,-6.2,0,3
3,2,2800,64,8.4,1012,-5.8,0,173
54,121,2000,64,7.5,1011.5,-5.9,0,253
51,129,3000,64,4.1,1011.5,-5.9,0,269
45,150,3000,14,2.5,1011.4,-5.9,0,275
57,177,4000,2,3.4,1011,-5.5,0,285
57,157,3000,2,1.9,1011,-5.1,0,255
56,162,3000,2,1.5,1010.5,-5.4,0,263
66,165,4000,2,1.7,1009.7,-5,0,276
70,167,4400,64,2,1009.2,-5.9,0,295
60,159,4400,64,2.4,1009.3,-5.7,0,299
56,152,4100,64,2.5,1008.9,-5.6,0,285
55,150,4100,64,3.6,1008.8,-6.1,0,277
49,146,4000,64,3.7,1008,-6,0,284
46,129,3700,64,2.3,1008,-6.1,0,275
47,136,3700,64,3.1,1008.9,-6.1,0,270
54,125,3000,2,5,1009.5,-6.3,0,270
48,102,2000,4,4.9,1010.5,-7,0,236
44,77,2000,25,6.2,1012,-7.1,0,185
25,44,1000,50,9.3,1012.6,-8.3,0,82
15,34,600,54,8,1013.6,-9,0,41
11,26,400,56,6.7,1014.9,-9.3,0,14
7,26,300,53,7.1,1014.9,-13.8,0,15
3,21,300,61,6.7,1015.1,-16.7,0,11
3,22,200,60,6.6,1015.7,-17.5,0,4
3,26,300,57,6.7,1016.5,-17.4,0,10
2,26,300,57,6.4,1018.4,-16.9,0,14
2,24,300,58,5.5,1020.1,-17,0,9
4,24,300,59,4.9,1021.9,-16.9,0,9
3,25,300,59,4.5,1022.8,-16,0,11
3,22,300,62,4.1,1024.1,-16.9,0,8
2,20,200,63,3.3,1025.1,-18.8,0,8
2,14,200,69,2,1026.2,-20.6,0,5
2,11,200,71,2.1,1026.6,-21.2,0,6
3,11,200,69,1.4,1027.3,-20.4,0,6
3,13,200,65,1,1027.9,-20.7,0,5
4,25,200,50,0.6,1027.9,-21.7,0,7
5,45,300,24,0,1028,-21.6,0,10
8,41,400,24,-0.1,1028.4,-21.6,0,9
10,37,500,33,-0.5,1028.4,-22,0,10
12,28,400,43,-0.9,1029,-23,0,9
12,35,500,36,-0.3,1029.8,-21.8,0,9
10,23,400,54,0.1,1030,-23.6,0,9
9,18,400,62,1.6,1030.1,-23.9,0,8
4,11,300,74,2.4,1029.3,-25.2,0,6
2,10,200,78,4,1028.1,-26.1,0,8
4,9,200,81,4.2,1026.5,-26,0,8
5,10,300,81,5.3,1025.4,-25.1,0,6
4,11,300,80,6.2,1024.6,-23.3,0,7
4,17,300,77,6,1023.9,-22.3,0,9
9,27,500,72,5.2,1023.7,-17.3,0,27
13,40,700,57,3.9,1023.6,-14.9,0,49
18,49,900,42,3.5,1023.6,-14.2,0,64
17,50,800,34,3.9,1023.6,-14.9,0,57
18,54,800,25,3,1023.5,-15.2,0,53
16,54,800,22,2.6,1023,-15.5,0,52
16,57,800,17,2.5,1022.9,-15.6,0,50
19,60,900,12,2.1,1022.7,-15.5,0,56
29,63,1000,7,2.7,1022.2,-14.9,0,67
34,74,1000,2,2,1021.7,-14.6,0,71
34,91,2000,2,-0.6,1021.2,-14.2,0,87
38,87,2000,2,-2.6,1020.9,-15,0,80
30,80,2000,2,-3.3,1020.7,-15.3,0,74
27,80,2000,2,-4.3,1020.8,-15,0,74
23,76,2000,2,-4.4,1021.2,-16,0,71
28,73,2000,2,-3.7,1021.9,-15.4,0,70
36,69,2000,2,-1.4,1022.3,-15.3,0,79
31,66,1000,2,0.8,1021.5,-15.3,0,75
32,62,1000,17,3.5,1021.4,-14.7,0,89
31,63,1000,28,5,1020.3,-15,0,94
27,67,1000,32,7.5,1018.7,-14.1,0,91
23,74,1000,36,8.5,1017.3,-15.2,0,87
22,85,1000,31,9.2,1016.2,-14.6,0,87
25,66,1000,57,8.8,1014.8,-13,0,92
25,48,900,72,8.6,1014.6,-13.1,0,75
20,46,800,73,7.3,1013.4,-12.5,0,62
22,65,1000,51,6,1013.6,-12.1,0,75
26,84,1000,25,5.7,1013.1,-12.4,0,90
37,98,1000,6,5.3,1012.4,-12.2,0,103
37,94,1000,2,4.5,1011.7,-10.4,0,108
41,108,1000,2,3.5,1009.9,-8.9,0,123
42,107,1000,2,2.7,1008.3,-8.1,0,129
37,113,2000,2,2.4,1007.2,-7,0,134
31,112,2000,2,1.3,1006.3,-6.8,0,144
27,100,2000,2,0.9,1004.9,-6,0,161
26,102,2000,2,0.1,1003.7,-5.9,0,169
23,101,2000,2,-1.2,1002.9,-6.6,0,170
24,100,2000,2,-1.6,1002.5,-6.5,0,167
30,102,2000,2,-1.9,1002.1,-6.6,0,168
40,104,2000,2,-1.2,1002.6,-6.4,0,169
50,103,2000,2,3.4,1003.2,-5.8,0,162
66,91,2000,2,5.1,1003.6,-7.4,0,162
71,89,2000,11,6.7,1003.1,-7,0,169
67,96,2400,73,8.6,1002.7,-6.8,0,195
61,89,2000,32,10.2,1002.1,-6.6,0,189
45,67,1000,66,12.7,1002.5,-8.5,0,168
18,39,800,85,12.5,1003.4,-17.2,0,91
2,20,300,84,10.3,1005.2,-21.3,0,17
2,17,200,85,10.4,1006.9,-20,0,13
2,17,200,81,9.2,1008.8,-20.9,0,7
2,17,300,77,7.2,1011.4,-21.4,0,7
2,15,200,76,6.1,1013.5,-20.3,0,12
2,12,200,77,3.6,1015.4,-20.7,0,6
2,11,100,74,2.8,1016.9,-20.6,0,8
2,10,200,74,2.2,1018.1,-20.4,0,5
2,12,200,85,1.8,1019.1,-20.7,0,5
2,12,200,67,1.5,1020.3,-21.7,0,3
3,11,200,85,0.9,1020.8,-22.2,0,6
4,11,200,71,0.1,1021.7,-22.1,0,3
3,9,200,73,-0.6,1022.3,-22.1,0,4
3,10,200,85,-1.6,1023.5,-22.3,0,8
3,8,200,76,-1.6,1025.3,-21.7,0,6
4,12,200,71,-2.2,1026.7,-21.6,0,3
3,18,200,62,-2.4,1028.2,-20.8,0,5
3,14,300,68,-2,1028.8,-23.2,0,3
6,16,300,64,-0.9,1029.9,-23,0,8
6,11,300,71,0.3,1030,-22,0,9
5,11,300,97,3.2,1027.5,-23.6,0,12
4,15,300,93,4.2,1027.5,-22.8,0,10
5,56,600,32,0.3,1028.6,-20.1,0,15
6,69,800,16,1.4,1029.2,-20.4,0,16
8,73,800,14,-0.1,1030,-19.9,0,20
10,82,900,4,1.2,1030.3,-21.2,0,25
9,73,700,12,0.1,1030.3,-20.3,0,28
19,70,100,11,-1.8,1029.3,-18.8,0,46
16,68,100,12,-2.2,1029.3,-17.9,0,50
28,73,1500,6,-1.8,1028.6,-18.4,0,90
31,71,1600,13,0.1,1028.9,-15.1,0,74
42,90,3700,9,0.6,1028.7,-15,0,102
33,78,2100,19,1.8,1027.4,-16.7,0,91
2,41,700,52,-1.7,1025.9,-4,0.7,42
2,42,700,56,-1.8,1024.9,-4.6,0.4,40
3,37,500,67,-1.7,1023.7,-4.5,0,28
2,40,500,65,-1.4,1023.2,-5.6,0,21
2,51,600,49,-1.8,1022.5,-5.8,0,29
2,48,600,48,-2.5,1022.6,-4.5,0.4,31
2,50,800,38,-2.6,1022.6,-4.3,0.5,47
2,57,100,21,-2.5,1022.3,-4.1,0.8,67
2,47,900,32,-2.3,1021.9,-4.3,0.4,60
2,48,100,28,-2.5,1021.6,-4.8,0.2,62
2,37,900,46,-2.3,1020.9,-5,0,55
2,36,100,40,-2.3,1020.3,-5.4,0,70
2,37,100,35,-2.3,1019.8,-5.3,0,81
2,40,1100,29,-2.4,1019.2,-5.4,0,88
2,36,1100,30,-2.3,1018.4,-5.6,0,86
2,45,1200,21,-2.5,1018.3,-5.5,0,86
2,49,1200,14,-2.7,1017.6,-5.7,0,91
2,56,1300,5,-3.6,1017.5,-5.3,0,95
2,57,1400,7,-3.7,1018.5,-5.2,0,95
4,56,1500,15,-1.2,1019.2,-4.9,0,108
4,47,1400,28,-0.6,1019.4,-4.7,0,114
9,52,1500,31,0.6,1019.1,-4.4,0,131
12,58,1600,37,2.5,1018.5,-4.1,0,142
12,68,1600,42,3.8,1017.5,-3.3,0,139
12,71,1600,54,4.2,1016.8,-3.6,0,147
12,79,1600,52,5.2,1016.5,-3.9,0,145
6,20,400,95,6.1,1018.6,-10.6,0,11
6,23,400,90,5.1,1019.9,-11.1,0,10
7,43,600,67,4.1,1021.4,-12.8,0,14
8,54,500,53,3.6,1022.5,-12.8,0,14
8,46,500,58,3.2,1023.9,-12.3,0,15
6,26,400,82,2.5,1024.5,-11.8,0,12
6,30,400,80,1.6,1024.9,-12.2,0,13
6,29,400,77,0.6,1025.1,-13.5,0,15
5,21,400,83,-0.1,1025.7,-13.1,0,11
5,35,400,71,0.1,1025.7,-12.9,0,12
6,31,400,73,-0.1,1025.5,-12.7,0,15
6,28,500,73,-0.2,1025.4,-12.2,0,13
7,45,500,53,-0.2,1025.7,-11.6,0,13
9,47,600,49,-1.3,1026.4,-10.9,0,11
10,42,600,55,0.6,1027.2,-9.4,0,15
12,31,500,71,3.3,1027.4,-12.7,0,12
11,23,500,83,3.8,1027.4,-13.1,0,11
8,22,500,86,5,1026.8,-13.4,0,13
5,17,400,95,5.9,1025.5,-13.7,0,13
2,8,300,108,6.9,1024,-15.2,0,12
2,8,300,109,8.1,1022.8,-15.5,0,3
5,17,400,107,8.5,1022.2,-13.9,0,18
7,24,500,111,8.2,1021.9,-12.3,0,31
5,26,500,107,8,1021.7,-12.5,0,23
3,20,400,105,6.6,1021.8,-11.6,0,10
3,42,400,77,5.6,1022,-10.7,0,6
7,77,700,42,5.3,1022.2,-10.5,0,33
9,94,800,21,4.7,1022.1,-10.6,0,26
10,88,800,28,4.7,1022.1,-11,0,30
13,80,900,39,3.9,1022.2,-10.6,0,45
11,85,900,27,0.7,1022.2,-9.9,0,46
8,107,100,2,0.6,1022.1,-8.1,0,48
19,104,800,7,-1.8,1022.3,-8.6,0,36
22,121,800,2,-1.6,1022.1,-7.9,0,36
21,109,700,2,-2.1,1021.7,-8,0,28
24,96,700,3,-1.7,1021.6,-8.7,0,23
21,90,600,7,-1.6,1021.7,-10.2,0,16
18,83,600,10,-2.2,1021.9,-8.5,0,20
26,72,900,27,2,1022.4,-9.6,0,20
31,58,1100,44,5.4,1022.7,-10.8,0,26
23,41,800,65,6.5,1022.8,-11.2,0,23
17,30,600,80,8.4,1022.2,-11.6,0,22
14,23,500,90,9.3,1021.7,-12.6,0,21
13,22,400,94,10.5,1020.5,-12.2,0,16
13,24,400,94,11.2,1019.4,-12.3,0,16
12,17,400,104,11.8,1018.8,-13.3,0,18
11,11,300,109,11.5,1018.5,-13.5,0,11
11,14,300,106,10.4,1018.5,-13,0,11
12,21,400,95,9.9,1018.9,-12.7,0,9
11,30,400,83,9.4,1019.3,-13.1,0,11
10,37,400,74,8.9,1019.9,-12.9,0,10
14,70,500,36,7.9,1020.5,-13.7,0,14
19,71,600,33,6.1,1021.1,-13,0,18
17,77,600,25,4.5,1021.5,-12,0,18
13,65,500,33,5.9,1021,-11.7,0,12
12,64,500,31,5.1,1020.9,-11.5,0,7
6,62,500,33,3.3,1020.6,-10.7,0,11
5,46,400,49,1.9,1020,-9.7,0,7
4,47,300,44,0.8,1019.6,-9.8,0,13
5,54,400,38,0.3,1019.5,-10.3,0,13
6,87,400,12,1.1,1019.6,-10.1,0,3
5,90,500,4,-0.7,1019.9,-9.6,0,11
7,87,600,7,4.5,1020.5,-10,0,5
14,62,700,38,6.6,1020.6,-11.6,0,7
14,45,600,58,7.7,1020.1,-12.2,0,17
8,21,400,87,9.6,1019.4,-11.7,0,9
4,12,300,103,11.3,1018.5,-11.5,0,12
4,9,300,111,11.9,1017.2,-11.7,0,7
5,9,300,114,13.3,1016.2,-11.3,0,10
4,9,200,116,13.5,1015.8,-10.4,0,8
4,10,200,117,13,1015.7,-11.5,0,9
5,13,200,112,12.5,1015.7,-10.5,0,11
3,19,300,107,11.4,1016.4,-12.1,0,14
4,33,400,90,9.1,1017.2,-9.9,0,14
5,42,500,81,10,1018.1,-11.4,0,17
6,47,600,73,8.9,1018.9,-10.1,0,12
10,66,600,49,8.2,1019.7,-9.7,0,25
9,42,400,74,4.7,1020.4,-9.1,0,15
8,57,600,51,4.2,1020.7,-8.6,0,24
7,62,600,42,3,1020.7,-8.4,0,22
7,51,400,53,2.3,1020.7,-8.2,0,19
7,93,600,9,1.3,1020.8,-7.7,0,18
9,102,100,2,-0.8,1020.6,-6.6,0,18
12,95,1100,4,-0.3,1020.8,-6.7,0,25
10,103,1200,2,1.5,1021.1,-8.1,0,30
13,105,1800,2,0.2,1021.5,-7.8,0,32
18,94,1500,5,3.7,1022.2,-8.4,0,30
16,56,800,43,6.2,1022.5,-8.2,0,19
14,55,700,47,7.9,1022.2,-8.6,0,20
13,52,700,57,9.6,1022,-8.1,0,31
9,37,500,78,10.7,1021.2,-8.6,0,26
7,35,500,85,12.4,1020,-8.2,0,23
7,35,500,88,12.4,1018.9,-8.8,0,24
7,38,500,89,13.5,1018.5,-8.4,0,24
7,43,500,88,13.4,1018.3,-8.5,0,26
6,39,500,97,12.9,1018.3,-8.3,0,29
7,41,500,92,11.8,1018.7,-8.7,0,30
8,52,600,75,10.9,1019.2,-8.9,0,30
8,62,600,64,10.3,1019.4,-8.9,0,36
10,71,700,51,9.8,1019.8,-8.8,0,42
17,93,900,25,8.5,1020.1,-8.6,0,51
15,98,900,18,7.6,1019.9,-8.1,0,46
12,115,100,2,5.4,1020,-7.8,0,38
16,117,1700,2,5,1019.8,-6.9,0,55
29,114,2100,3,2,1019.7,-6.6,0,77
24,108,2100,3,1.5,1019.3,-6.6,0,85
20,106,2400,5,1.8,1019.3,-6.8,0,94
21,94,2100,4,0.1,1019.4,-6.5,0,96
17,94,2100,2,-0.3,1019.4,-6.3,0,80
13,91,2200,2,0.6,1019.6,-6.3,0,73
17,85,200,5,2.3,1019.9,-5.6,0,61
24,65,1200,22,3.8,1019.9,-6,0,52
41,86,1800,26,6.8,1019.3,-5.2,0,89
34,117,1900,77,14.2,1014.7,-6.7,0,103
22,105,1600,87,15.7,1014.1,-7.2,0,95
13,64,100,111,15.9,1014,-9.9,0,75
10,50,800,118,15.4,1013.8,-9.6,0,58
9,53,700,106,13.8,1013.8,-9.5,0,47
10,90,100,62,11.5,1014.1,-8.4,0,51
9,116,1100,35,11.7,1014.3,-8.8,0,51
9,124,1200,24,13,1014.7,-8.9,0,53
17,133,1500,19,12.9,1015.3,-8.3,0,58
28,131,1700,19,10.9,1015.6,-7.4,0,70
22,119,1400,18,9.9,1015.6,-8.3,0,56
7,45,500,71,8.4,1015.9,-7.8,0,15
7,33,400,82,8.6,1016,-10.9,0,9
8,42,300,70,7.3,1015.8,-9.6,0,7
14,45,500,66,7,1016,-9.4,0,13
16,29,400,77,5.3,1015.9,-9,0,12
17,34,500,73,9.5,1015.9,-11.2,0,9
15,47,500,61,8.4,1016.2,-12.1,0,11
16,52,500,58,9.2,1016.6,-11.5,0,13
13,46,500,69,10.7,1016.7,-11.4,0,12
6,24,300,93,12,1016.6,-13.1,0,11
4,12,200,107,13.3,1016,-12.8,0,7
3,10,200,112,12.9,1015.4,-14.9,0,6
3,9,100,115,14,1014.5,-15,0,6
4,8,100,117,14.6,1013.3,-15.6,0,5
4,8,100,122,15.4,1013,-15,0,6
5,9,200,122,14.9,1012.6,-15.4,0,12
6,13,200,120,14.2,1012.5,-14.9,0,12
5,22,300,109,13.4,1013,-15.5,0,13
5,35,400,95,12.5,1013.5,-16.2,0,12
7,45,500,81,11.6,1013.6,-15.1,0,13
10,66,700,58,10.8,1014.2,-13.3,0,16
12,87,700,35,10.5,1014.4,-12.9,0,21
10,79,600,42,8.6,1014.1,-15.9,0,19
